{
	"fs": {
		"begin":"0xb00000",
		"length":"737280"
	},
	"fraw": {
		"begin":"0x81c000",
		"length":"16384"
	},	
	"rr": {
		"begin":"0x81c000",
		"length":"16384"
	},
	"drr": {
		"begin":"0x820000",
		"length":"16384"
	},
	"hfd": {
		"begin":"0xbfc000",
		"length":"16384"
	},
	"opt": {
		"begin":"0x800000",	
		"length":"4194304"
	},
	"cal":[
		{
			"stor_type": "cp_flash",
			"offst_flag": "1",
			"begin":"0xe7000",
			"length":"0x19000"
		}
	],
	"erallum":[
		{
			"stor_type": "ap_flash",
			"offst_flag": "1",			
			"begin":"0x0",
			"length":"0x1c000"			
		},		
		{
			"stor_type": "ap_flash",
			"offst_flag": "1",			
			"begin":"0x24000",
			"length":"0x2dc000"			
		},
		{
			"stor_type": "cp_flash",
			"offst_flag": "1",			
			"begin":"0x0",
			"length":"0xcd000"
		}	
	]
}