<config>
	<Logger>
		<LogPath/>
		<NameRule>0</NameRule>
		<MaxFilesizeInMB>50</MaxFilesizeInMB>
		<MinFreeDiskSpace>5000</MinFreeDiskSpace>
		<DiskFullOperation>0</DiskFullOperation>
		<ShowRangeSelThreshSizeInMB>50</ShowRangeSelThreshSizeInMB>
		<IsShowRangeSelNextTime>false</IsShowRangeSelNextTime>
		<NumOfSecondsAgoForDelUnzippedLog>86400</NumOfSecondsAgoForDelUnzippedLog>
		<UnzippedFolder/>
		<ImportPath/>
		<IsShowSplitterNextTime>true</IsShowSplitterNextTime>
		<RemoveOldestWhenDiskFull>true</RemoveOldestWhenDiskFull>
		<DoWorkDiskFull>0</DoWorkDiskFull>
	</Logger>
	<Common>
		<IsOnline>true</IsOnline>
		<CommandServer>false</CommandServer>
		<port>10565</port>
		<DumpFileCount>50</DumpFileCount>
		<IsC1Chip>100</IsC1Chip>
		<UIFontSize>16</UIFontSize>
		<UIFontName>Microsoft YaHei UI</UIFontName>
		<HexadecimalDisplay>false</HexadecimalDisplay>
		<TriggerDuplicate>false</TriggerDuplicate>
		<AutoSave>false</AutoSave>
		<AutoDelOldFiles>true</AutoDelOldFiles>
		<AutoDelOldZipLogFiles>true</AutoDelOldZipLogFiles>
	</Common>
	<UniLogViewer>
		<FontSize>16</FontSize>
		<cachecsvlog>false</cachecsvlog>
		<SearchKeywords>
			<MatchCase>false</MatchCase>
			<MatchWholeWord>false</MatchWholeWord>
			<ShowList>false</ShowList>
			<UseRegex>false</UseRegex>
			<keyword_1/>
			<searchColumn>0</searchColumn>
		</SearchKeywords>
		<Pane>
			<W>200</W>
			<Visible>false</Visible>
			<AutoHide>false</AutoHide>
		</Pane>
		<Pane1>
			<W>200</W>
			<Visible>false</Visible>
			<AutoHide>false</AutoHide>
		</Pane1>
		<Pane2>
			<W>200</W>
			<Visible>false</Visible>
			<AutoHide>false</AutoHide>
		</Pane2>
	</UniLogViewer>
	<SigLogger>
		<columnwidth>
			<Index>10</Index>
			<UETime>15</UETime>
			<Message>51</Message>
			<PCTime>15</PCTime>
		</columnwidth>
		<cachetxtlog>false</cachetxtlog>
		<CurrentDeviceID>0</CurrentDeviceID>
		<Pane>
			<W>200</W>
			<Visible>false</Visible>
			<AutoHide>false</AutoHide>
		</Pane>
	</SigLogger>
	<Communications>
		<Device_0_Settings>
			<Enabled>1</Enabled>
			<ProtocolType>RawData</ProtocolType>
			<CommunicationType>Serial</CommunicationType>
			<DriverName>qcusbser</DriverName>
			<AutoDetect>0</AutoDetect>
			<COMName>Quectel USB DIAG Port</COMName>
			<COMNumber>12</COMNumber>
			<BaudRate>3000000</BaudRate>
			<SavedCOMNames/>
		</Device_0_Settings>
		<Device_1_Settings>
			<Enabled>0</Enabled>
			<CommunicationType>Serial</CommunicationType>
			<DriverName>FTSER2K</DriverName>
			<COMName>USB Serial Port</COMName>
			<COMNumber>4</COMNumber>
			<BaudRate>3000000</BaudRate>
			<ProtocolType>RawData</ProtocolType>
		</Device_1_Settings>
	</Communications>
	<Workspace>
		<TabbedView>
			<Alignment>0</Alignment>
			<Group0>
				<Tab0 Name="UniLogViewer">false</Tab0>
				<Tab1 Name="SigLogger">false</Tab1>
			</Group0>
		</TabbedView>
		<DockablePane>false</DockablePane>
	</Workspace>
	<CheckVersion>
		<Last_Path_Dev0>
			<Path>C:\Users\HWTE\Desktop\EPAT Tool and user guide\EPAT_V1.3.233.528\EPAT_V1.3.233.528\Bin\config\DefaultFilter.txt</Path>
		</Last_Path_Dev0>
		<Dev_0_Path>
			<Path0>C:\Users\HWTE\Desktop\EPAT Tool and user guide\EPAT_V1.3.233.528\EPAT_V1.3.233.528\Bin\config\DefaultFilter.txt</Path0>
		</Dev_0_Path>
	</CheckVersion>
</config>

